region,provincia,comune,PRO_COM2011,data_elezioni,elettori,votanti,voti_non_validi,schede_bianche,totalevotilista,totaleseggi,DCtotalevoti,DCtotaleseggi,PSItotalevoti,PSItotaleseggi,PCItotalevoti,PCItotaleseggi,OtherParties_voti,OtherParties_seggi
Puglia,Bari,Poggiorsini,72034,22/11/1970,866,737,5,4,681,15,332,6,0,0,0,0,349,9
Puglia,Lecce,Soleto,75076,13/06/1971,3338,2967,21,5,2924,20,1725,16,0,0,0,0,1199,4
Puglia,Lecce,Surano,75082,22/11/1970,1138,937,3,1,931,15,421,3,0,0,0,0,510,12
Puglia,Bari,Bitonto,72011,13/06/1971,23174,21579,723,266,20856,40,5722,11,4072,8,6290,13,4772,8
Puglia,Bari,Putignano,72036,22/11/1970,14092,12568,342,163,12226,30,7904,20,1103,3,2694,7,525,0
Puglia,Bari,Rutigliano,72037,22/11/1970,8268,7415,118,40,7297,30,3587,16,1061,4,1425,6,1224,4
Puglia,Bari,Ruvo di Puglia,72038,13/06/1971,15141,13848,241,115,13607,30,4099,10,1242,3,4275,10,3991,7
Puglia,Foggia,Candela,71009,13/06/1971,2772,2448,85,52,2363,20,839,8,173,1,936,9,415,2
Puglia,Barletta-Andria-Trani,San Ferdinando di Puglia,110007,13/06/1971,7981,7144,157,73,6987,30,1909,9,476,2,3075,14,1527,5
Puglia,Foggia,San Giovanni Rotondo,71046,13/06/1971,11656,9521,357,172,9164,30,4362,15,707,2,2812,9,1283,4
Puglia,Foggia,San Severo,71051,13/06/1971,30066,26821,651,425,26170,40,8097,13,1838,3,11051,18,5184,6
Puglia,Foggia,Serracapriola,71053,13/06/1971,4839,3896,115,80,3781,20,1639,9,517,2,1259,7,366,2
Puglia,Foggia,Torremaggiore,71056,13/06/1971,10153,9339,204,123,9135,30,2220,7,712,2,4765,17,1438,4
Puglia,Foggia,Troia,71058,13/06/1971,5095,4615,176,120,4439,20,1857,9,811,4,1250,6,521,1
Puglia,Foggia,Vico del Gargano,71059,13/06/1971,5607,4394,168,40,4226,20,1067,5,244,1,612,3,2303,11
Puglia,Foggia,Vieste,71060,13/06/1971,7402,5720,92,41,5628,30,2600,15,334,1,1803,10,891,4
Puglia,Lecce,Aradeo,75006,22/11/1970,5529,4100,71,22,4029,20,1983,11,210,1,1397,7,439,1
Puglia,Lecce,Casarano,75016,13/06/1971,10894,8631,203,74,8428,30,4052,15,1813,6,522,2,2041,7
Puglia,Lecce,Melissano,75044,22/11/1970,3989,3537,39,18,3498,20,1318,8,370,2,1593,9,217,1
Puglia,Lecce,Trepuzzi,75087,13/06/1971,7737,6967,123,46,6844,30,1798,9,1307,6,1758,8,1981,7
Puglia,Lecce,Ugento,75090,22/11/1970,6082,4433,75,23,4358,20,1604,8,276,1,1526,7,952,4
Puglia,Taranto,Avetrana,73001,13/06/1971,3753,3009,38,30,2971,20,742,5,247,1,921,7,1061,7
Puglia,Taranto,Crispiano,73004,13/06/1971,5726,5101,124,24,4977,20,1664,7,622,2,451,2,2240,9
Puglia,Bari,Acquaviva Delle Fonti,72001,07/06/1970,9830,9175,304,184,8871,30,3365,12,2502,9,1738,6,1266,3
Puglia,Bari,Alberobello,72003,07/06/1970,6269,5704,229,120,5475,20,2398,9,755,3,1260,5,1062,3
Puglia,Bari,Altamura,72004,07/06/1970,25658,24289,679,313,23610,40,10029,18,2211,4,6576,11,4794,7
Puglia,Barletta-Andria-Trani,Bisceglie,110003,07/06/1970,25222,22816,730,370,22086,40,9188,18,2385,4,7341,15,3172,3
Puglia,Bari,Bitetto,72010,07/06/1970,4317,3927,121,71,3806,20,1830,10,441,2,430,2,1105,6
Puglia,Barletta-Andria-Trani,Canosa di Puglia,110004,07/06/1970,19322,17279,702,393,16577,40,5166,14,1061,2,6316,17,4034,7
Puglia,Bari,Cassano Delle Murge,72016,07/06/1970,4682,4286,139,86,4147,20,1461,8,618,3,885,4,1183,5
Puglia,Bari,Castellana Grotte,72017,07/06/1970,9579,8672,334,182,8338,30,4953,19,1090,4,1481,5,814,2
Puglia,Bari,Conversano,72019,07/06/1970,11837,11130,463,284,10667,30,4138,12,3477,10,1859,5,1193,3
Puglia,Bari,Giovinazzo,72022,07/06/1970,10484,8906,313,183,8593,30,4299,16,600,2,2627,9,1067,3
Puglia,Bari,Gravina in Puglia,72023,07/06/1970,18469,17210,312,129,16898,40,5593,14,1631,4,7186,17,2488,5
Puglia,Bari,Grumo Appula,72024,07/06/1970,7307,6331,247,159,6084,30,3083,16,730,3,1166,6,1105,5
Puglia,Bari,Locorotondo,72025,07/06/1970,7612,7116,277,141,6839,30,2147,10,535,2,839,4,3318,14
Puglia,Bari,Modugno,72027,07/06/1970,10100,9261,314,141,8947,30,4480,16,1936,7,1247,4,1284,3
Puglia,Bari,Mola di Bari,72028,07/06/1970,15098,11951,476,246,11476,30,5398,15,1699,5,1688,5,2691,5
Puglia,Bari,Molfetta,72029,07/06/1970,40119,32758,1139,573,31619,40,13456,18,5805,8,6446,9,5912,5
Puglia,Bari,Monopoli,72030,07/06/1970,24411,21687,755,332,20932,40,9246,18,4108,8,2233,4,5345,10
Puglia,Bari,Noci,72031,07/06/1970,10745,9540,325,150,9215,30,3124,11,1492,5,1626,5,2973,9
Puglia,Bari,Noicattaro,72032,07/06/1970,7945,7494,288,113,7206,30,2297,10,1801,8,1433,6,1675,6
Puglia,Bari,Palo del Colle,72033,07/06/1970,8957,7208,287,152,6921,30,3848,17,252,1,1501,7,1320,5
Puglia,Bari,Polignano A Mare,72035,07/06/1970,8461,7828,283,138,7545,30,2361,10,618,2,1406,6,3160,12
Puglia,Bari,Santeramo in Colle,72041,07/06/1970,12834,11227,417,27,10810,30,3413,10,1320,4,2982,9,3095,7
Puglia,Bari,Torito,72044,07/06/1970,4866,3996,85,58,3911,20,1961,11,325,1,656,3,969,5
Puglia,Bari,Triggiano,72046,07/06/1970,11618,9446,408,167,9038,30,4777,18,772,2,1761,6,1728,4
Puglia,Bari,Valenzano,72048,07/06/1970,4865,4157,158,90,3999,20,2029,11,0,0,507,2,1463,7
Puglia,Brindisi,Brindisi,74001,07/06/1970,46493,43163,1572,816,41591,40,17461,18,5069,5,0,0,19061,17
Puglia,Brindisi,Carovigno,74002,07/06/1970,7592,6707,263,152,6444,30,2549,12,1177,5,2028,10,690,3
Puglia,Brindisi,Erchie,74006,07/06/1970,4102,3561,149,108,3412,20,1409,9,199,1,486,3,1318,7
Puglia,Brindisi,Francavilla Fontana,74008,07/06/1970,17693,16424,511,260,15913,40,6697,18,519,1,5578,14,3119,7
Puglia,Brindisi,Latiano,74009,07/06/1970,8838,8193,284,172,7909,30,2828,11,787,3,3204,12,1090,4
Puglia,Brindisi,Mesagne,74010,07/06/1970,17382,15633,374,239,15259,30,6811,14,955,2,6470,14,1023,0
Puglia,Brindisi,San Pancrazio Salentino,74015,07/06/1970,5631,4944,132,91,4812,20,2531,12,839,3,972,4,470,1
Puglia,Brindisi,San Vito Dei Normanni,74017,07/06/1970,12488,10666,493,279,10173,20,5685,8,795,2,2724,8,969,2
Puglia,Brindisi,Torre Santa Susanna,74019,07/06/1970,5317,4821,178,126,4643,20,1655,7,0,0,2352,11,636,2
Puglia,Foggia,Apricena,71004,07/06/1970,802,7015,150,104,6865,30,1704,7,161,0,4066,19,934,4
Puglia,Foggia,Bovino,71007,07/06/1970,4496,3567,142,53,3425,20,1552,10,384,2,860,5,629,3
Puglia,Foggia,Cerignola,71020,07/06/1970,26368,24688,740,437,23948,40,7445,13,920,1,12815,23,2768,3
Puglia,Foggia,Mattinata,71031,07/06/1970,3318,2615,69,29,2546,20,1175,9,374,3,827,7,170,1
Puglia,Foggia,Orsara di Puglia,71035,07/06/1970,3425,2917,99,61,2818,20,1161,8,269,2,1273,10,115,0
Puglia,Foggia,Orta Nova,71036,07/06/1970,8277,7647,225,95,7422,30,1344,6,2031,9,2089,9,1958,6
Puglia,Barletta-Andria-Trani,San Ferdinando di Puglia,110007,07/06/1970,8070,7424,114,73,7310,30,1976,8,585,2,3086,14,1663,6
Puglia,Foggia,San Severo,71051,07/06/1970,29971,27116,513,308,26603,40,8757,14,1674,2,10888,18,5284,6
Puglia,Foggia,Serracapriola,71053,07/06/1970,4924,4021,130,89,3891,20,1545,8,0,0,1305,7,1041,5
Puglia,Foggia,Vico del Gargano,71059,07/06/1970,5601,4573,240,56,4333,20,3146,16,339,1,730,3,118,0
Puglia,Foggia,Vieste,71060,07/06/1970,7334,5823,163,90,5660,30,2417,13,655,3,1736,10,852,4
Puglia,Lecce,Alessano,75002,07/06/1970,4245,3334,121,68,3213,20,1738,12,707,4,493,3,275,1
Puglia,Lecce,Alezio,75003,07/06/1970,3817,3054,91,64,2963,20,1327,9,0,0,207,1,1429,10
Puglia,Lecce,Calimera,75010,07/06/1970,4314,3793,93,67,3700,20,2391,14,818,4,491,2,0,0
Puglia,Lecce,Carmiano,75014,07/06/1970,6397,5721,193,125,5528,20,2121,8,918,3,1357,5,1132,4
Puglia,Lecce,Castrignano del Capo,75019,07/06/1970,4001,3104,82,50,3022,20,1452,10,1521,10,0,0,49,0
Puglia,Lecce,Collepasso,75021,07/06/1970,4178,3399,131,79,3268,20,1852,12,304,2,208,1,904,5
Puglia,Lecce,Copertino,75022,07/06/1970,12420,10547,277,168,10270,30,5274,16,761,2,3823,11,412,1
Puglia,Lecce,Cutrofiano,75026,07/06/1970,6096,5053,141,70,4912,20,1522,6,2641,12,305,1,444,1
Puglia,Lecce,Galatone,75030,07/06/1970,9242,7789,218,150,7571,30,4620,19,725,2,1497,6,729,3
Puglia,Lecce,Guagnano,75034,07/06/1970,4438,3920,101,71,3819,20,2038,11,222,1,1369,7,190,1
Puglia,Lecce,Lecce,75035,07/06/1970,51677,47221,1778,891,45443,40,17448,17,3662,3,4955,4,19378,16
Puglia,Lecce,Lequile,75036,07/06/1970,3739,3442,140,87,3302,20,1403,9,1461,9,327,2,111,0
Puglia,Lecce,Lizzanello,75038,07/06/1970,4783,4495,185,135,4310,20,2481,12,456,2,889,4,484,2
Puglia,Lecce,Martano,75040,07/06/1970,5858,4657,211,82,4446,20,2280,11,343,1,1329,6,494,2
Puglia,Lecce,Melendugno,75043,07/06/1970,4495,3878,103,47,3775,20,1104,6,2671,14,0,0,0,0
Puglia,Lecce,Melissano,75044,07/06/1970,3946,3499,73,51,3426,20,1385,8,418,2,1623,10,0,0
Puglia,Lecce,Muro Leccese,75051,07/06/1970,3376,2835,120,65,2715,20,2061,16,290,2,285,2,79,0
Puglia,Lecce,Neviano,75053,07/06/1970,3914,3035,143,85,2892,20,1992,14,172,1,326,2,402,3
Puglia,Lecce,Novoli,75055,07/06/1970,6278,5504,192,100,5312,20,2326,9,528,2,803,3,1655,6
Puglia,Lecce,Parabita,75059,07/06/1970,6011,4855,182,125,4673,20,3743,17,217,1,288,1,425,1
Puglia,Lecce,Poggiardo,75061,07/06/1970,3695,3025,111,79,2914,20,1523,11,933,6,172,1,286,2
Puglia,Lecce,Ruffano,75064,07/06/1970,5589,4339,289,125,4050,20,2022,10,873,4,232,1,923,5
Puglia,Lecce,Salice Salentino,75065,07/06/1970,4983,4262,140,69,4122,20,1807,10,858,4,705,3,752,3
Puglia,Lecce,Salve,75066,07/06/1970,3476,2487,87,52,2400,20,1066,9,485,4,95,0,754,7
Puglia,Lecce,San Cesario di Lecce,75068,07/06/1970,4727,4272,210,118,4062,20,1154,6,822,4,0,0,2086,10
Puglia,Lecce,Scorrano,75073,07/06/1970,3315,2829,90,48,2739,20,1167,9,110,0,517,4,945,7
Puglia,Lecce,Surbo,75083,07/06/1970,4730,4368,195,103,4173,20,1854,9,1044,5,559,3,716,3
Puglia,Lecce,Taurisano,75084,07/06/1970,5420,4282,183,77,4099,20,1310,7,395,2,880,5,1514,6
Puglia,Lecce,Taviano,75085,07/06/1970,6210,5395,133,92,5262,20,3045,12,388,1,1739,7,90,0
Puglia,Lecce,Tuglie,75089,07/06/1970,4026,3150,103,81,3047,20,1997,13,0,0,741,5,309,2
Puglia,Taranto,Crispiano,73004,07/06/1970,5605,5014,149,69,4865,20,1664,7,578,2,0,0,2623,11
Puglia,Taranto,Fragagnano,73006,07/06/1970,3286,2753,64,41,2689,20,1337,11,1032,8,119,0,201,1
Puglia,Taranto,Grottaglie,73008,07/06/1970,14586,13375,350,213,13025,30,4863,12,749,2,5546,14,1867,2
Puglia,Taranto,Manduria,73012,07/06/1970,17368,15870,685,378,15185,30,4190,10,3499,7,4145,9,3351,4
Puglia,Taranto,Martina Franca,73013,07/06/1970,24996,22935,1021,505,21914,40,14925,29,342,0,4333,8,2314,3
Puglia,Taranto,Massafra,73015,07/06/1970,12904,12210,368,219,11842,30,6562,18,962,2,0,0,4318,10
Puglia,Taranto,Palagiano,73021,07/06/1970,5819,5547,171,97,5376,20,2934,11,537,2,0,0,1905,7
Puglia,Taranto,Pulsano,73022,07/06/1970,4493,4071,88,56,3983,20,1602,9,423,2,1232,6,726,3
Puglia,Taranto,San Giorgio Ionico,73024,07/06/1970,5218,4749,109,81,4640,20,2038,10,374,1,1522,7,706,2
Puglia,Taranto,San Marzano di San Giuseppe,73025,07/06/1970,3762,3403,93,62,3310,20,1787,11,326,2,892,5,305,2
Puglia,Taranto,Taranto,73027,07/06/1970,131813,120701,4025,1999,116676,50,44533,20,11005,5,35399,16,25739,9
Puglia,Bari,Adelfia,72002,18/11/1973,7064,6118,81,,,,2703,14,1279,6,1136,6,919,4
Puglia,Bari,Casamassima,72015,18/11/1973,7063,6213,121,,,,2446,13,320,1,2169,11,1157,5
Puglia,Bari,Sannicandro di Bari,72040,18/11/1973,5468,4117,79,,,,1868,10,1228,6,424,2,518,2
Puglia,Brindisi,Fasano,74007,18/11/1973,19853,17449,413,,,,9086,23,2007,5,2966,7,2977,5
Puglia,Brindisi,San Michele Salentino,74014,18/11/1973,3904,3187,82,,,,1370,9,222,1,980,7,533,3
Puglia,Brindisi,Villa Castelli,74020,18/11/1973,3976,3572,101,,,,1635,10,793,5,495,3,548,2
Puglia,Foggia,Cagnano Varano,71008,18/11/1973,5285,3625,125,,,,1571,10,308,1,1319,8,302,1
Puglia,Barletta-Andria-Trani,Margherita di Savoia,110005,18/11/1973,7467,6744,78,,,,3927,19,1407,7,180,0,1152,4
Puglia,Foggia,Monte Sant'Angelo,71033,18/11/1973,10928,8565,219,,,,3428,13,1937,7,2286,8,695,2
Puglia,Foggia,San Marco in Lamis,71047,18/11/1973,10903,8181,222,,,,3519,14,819,3,2198,9,1423,4
Puglia,Foggia,Sannicandro Garganico,71049,18/11/1973,12447,8870,295,,,,3086,11,1338,5,3117,12,1034,2
Puglia,Foggia,San Paolo di Civitate,71050,18/11/1973,3930,3232,37,,,,1570,10,306,2,954,6,365,2
Puglia,Lecce,Alliste,75004,18/11/1973,4240,3457,62,,,,2095,14,561,3,295,1,444,2
Puglia,Lecce,Ruffano,75064,18/11/1973,5836,4447,236,,,,1861,9,836,4,698,3,816,4
Puglia,Lecce,Squinzano,75079,18/11/1973,9949,8902,118,,,,5199,19,1153,4,1606,5,826,2
Puglia,Taranto,Ginosa,73007,18/11/1973,11506,10136,166,,,,3396,11,3404,11,2246,7,924,1
Puglia,Foggia,Accadia,71001,23/05/1954,2977,2815,,,2765,20,0,0,0,0,0,0,2765,20
Puglia,Foggia,Alberona,71002,25/05/1952,2133,1865,,,1563,20,0,0,0,0,0,0,1563,20
Puglia,Lecce,Alessano,75002,10/06/1951,3484,3052,,,2925,20,1459,16,0,0,0,0,1466,4
Puglia,Lecce,Alezio,75003,10/06/1951,3714,3370,,,3206,20,2023,16,0,0,0,0,1183,4
Puglia,Lecce,Alliste,75004,10/06/1951,3066,2528,,,2283,20,1155,16,0,0,0,0,1128,4
Puglia,Lecce,Andrano,75005,10/06/1951,2242,1899,,,1601,20,779,13,0,0,0,0,822,7
Puglia,Foggia,Anzano di Puglia,71003,25/05/1952,2077,1883,,,1849,20,970,16,0,0,0,0,879,4
Puglia,Lecce,Aradeo,75006,10/06/1951,4107,3669,,,3368,20,658,0,0,0,0,0,2710,16
Puglia,Lecce,Arnesano,75007,10/06/1951,2109,1963,,,1813,20,0,0,0,0,0,0,1813,20
Puglia,Taranto,Avetrana,73001,10/06/1951,2462,2354,,,2195,20,908,16,0,0,0,0,1287,4
Puglia,Lecce,Bagnolo del Salento,75008,10/06/1951,1005,950,,,926,15,0,0,0,0,0,0,926,15
Puglia,Foggia,Biccari,71006,25/05/1952,2941,2826,,,2583,20,887,16,0,0,0,0,1696,4
Puglia,Foggia,Bovino,71007,25/05/1952,5340,4822,,,4474,20,0,0,0,0,0,0,4474,20
Puglia,Foggia,Cagnano Varano,71008,25/05/1952,3628,3502,,,3342,20,0,0,0,0,0,0,3342,20
Puglia,Lecce,Cannole,75012,10/06/1951,913,877,,,765,15,0,0,0,0,0,0,765,15
Puglia,Lecce,Caprarica di Lecce,75013,10/06/1951,1541,1461,,,1403,15,0,0,0,0,0,0,1403,15
Puglia,Foggia,Carlantino,71011,25/05/1952,1113,1079,,,1028,15,335,3,0,0,0,0,693,12
Puglia,Lecce,Carmiano,75014,10/06/1951,4894,4557,,,4116,20,1501,16,0,0,0,0,2615,4
Puglia,Taranto,Carosino,73002,10/06/1951,2425,2251,,,2093,20,995,16,0,0,0,0,1098,4
Puglia,Lecce,Carpignano Salentino,75015,10/06/1951,1769,1615,,,1436,20,0,0,0,0,0,0,1436,20
Puglia,Foggia,Carpino,71012,25/05/1952,4045,3784,,,3624,20,0,0,0,0,0,0,3624,20
Puglia,Foggia,Casalnuovo Monterotaro,71013,25/05/1952,3812,3386,,,3230,20,938,4,0,0,0,0,2292,16
Puglia,Foggia,Casalvecchio di Puglia,71014,25/05/1952,1826,1684,,,1529,20,0,0,0,0,0,0,1529,20
Puglia,Foggia,Castelluccio Val maggio re,71016,25/05/1952,1958,1789,,,1715,20,706,4,0,0,0,0,1009,16
Puglia,Foggia,Castelluccio dei Sauri,71015,25/05/1952,1221,1186,,,1149,15,549,3,0,0,0,0,600,12
Puglia,Foggia,Castelnuovo della Daunia,71017,25/05/1952,2221,2021,,,1949,20,0,0,0,0,0,0,1949,20
Puglia,Lecce,Castri di Lecce,75017,10/06/1951,1401,1347,,,1290,15,562,3,0,0,0,0,728,12
Puglia,Lecce,Castrignano de' Greci,75018,10/06/1951,1716,1590,,,1378,20,1089,16,0,0,0,0,289,4
Puglia,Lecce,Castrignano del Capo,75019,25/05/1952,3395,2850,,,2654,20,2654,20,0,0,0,0,0,0
Puglia,Lecce,Cavallino,75020,10/06/1951,2146,2002,,,1837,20,484,4,0,0,0,0,1353,16
Puglia,Foggia,Celenza Valfortore,71018,25/05/1952,2000,1868,,,1698,20,0,0,0,0,0,0,1698,20
Puglia,Foggia,Celle San Vito,71019,25/05/1952,467,426,,,402,15,245,12,0,0,0,0,157,3
Puglia,Foggia,Chieuti,71021,25/05/1952,1402,1294,,,1242,15,475,12,0,0,0,0,767,3
Puglia,Lecce,Collepasso,75021,10/06/1951,3281,3005,,,2861,20,0,0,0,0,0,0,2861,16
Puglia,Lecce,Corigliano d'Otranto,75023,10/06/1951,3086,2842,,,2753,20,1258,4,0,0,0,0,1495,0
Puglia,Taranto,Crispiano,73004,10/06/1951,4846,4478,,,3980,20,0,0,0,0,0,0,3980,20
Puglia,Lecce,Cutrofiano,75026,10/06/1951,4994,4593,,,4132,20,2248,15,0,0,0,0,1884,5
Puglia,Foggia,Deliceto,71022,25/05/1952,3955,3691,,,3490,20,0,0,0,0,0,0,3490,20
Puglia,Lecce,Disc,75027,10/06/1951,2886,2335,,,1972,20,1477,16,0,0,0,0,495,4
Puglia,Brindisi,Erchie,74006,10/06/1951,2913,2806,,,2741,20,1117,4,0,0,0,0,1624,16
Puglia,Foggia,Faeto,71023,25/05/1952,1719,1597,,,1532,20,744,4,0,0,0,0,788,16
Puglia,Taranto,Fragagnano,73006,10/06/1951,2785,2637,,,2400,20,1261,16,0,0,0,0,1139,4
Puglia,Lecce,Gagliano del Capo,75028,10/06/1951,2200,1881,,,1570,20,752,16,0,0,0,0,818,4
Puglia,Lecce,Giuggianello,75032,10/06/1951,763,705,,,683,15,201,3,0,0,0,0,482,12
Puglia,Lecce,Giurdignano,75033,10/06/1951,704,683,,,648,15,155,3,0,0,0,0,493,12
Puglia,Lecce,Guagnano,75034,10/06/1951,3655,3485,,,3389,20,1298,4,0,0,0,0,2091,16
Puglia,Foggia,Ischitella,71025,25/05/1952,3432,3167,,,3062,20,0,0,0,0,0,0,3062,20
Puglia,Foggia,Isole Tremiti,71026,25/05/1952,225,181,,,102,15,59,9,0,0,0,0,43,6
Puglia,Taranto,Leporano,73010,10/06/1951,1056,990,,,907,15,0,0,0,0,0,0,907,15
Puglia,Lecce,Lequile,75036,10/06/1951,2949,2761,,,2557,20,1174,16,0,0,0,0,1383,4
Puglia,Foggia,Lesina,71027,23/05/1954,2853,2648,,,2576,20,0,0,0,0,0,0,2576,20
Puglia,Lecce,Leverano,75037,10/06/1951,4867,4709,,,4474,20,1489,4,0,0,0,0,2985,16
Puglia,Lecce,Lizzanello,75038,10/06/1951,3454,3235,,,2886,20,1021,4,0,0,0,0,1865,16
Puglia,Lecce,Martano,75040,10/06/1951,4335,3960,,,3721,20,1273,4,0,0,0,0,2448,16
Puglia,Lecce,Matino,75042,10/06/1951,5379,4824,,,4338,20,1781,5,0,0,0,0,2557,15
Puglia,Lecce,Melendugno,75043,10/06/1951,3338,3081,,,2798,20,686,4,0,0,0,0,2112,16
Puglia,Lecce,Melissano,75044,10/06/1951,2831,2485,,,2371,20,1322,16,0,0,0,0,1049,4
Puglia,Lecce,Melpignano,75045,10/06/1951,1128,1067,,,1008,15,487,3,0,0,0,0,521,12
Puglia,Lecce,Miggiano,75046,10/06/1951,1470,1315,,,1290,15,352,0,0,0,0,0,938,15
Puglia,Lecce,Minervino di Lecce,75047,10/06/1951,2711,2394,,,2157,20,0,0,0,0,0,0,2157,20
Puglia,Taranto,Monteiasi,73016,10/06/1951,1926,1832,,,1731,20,950,16,0,0,0,0,781,4
Puglia,Foggia,Monteleone di Puglia,71032,25/05/1952,2981,2571,,,2469,20,0,0,0,0,0,0,2469,20
Puglia,Taranto,Montemesola,73017,30/11/1952,2018,1819,,,1743,20,933,16,0,0,0,0,810,4
Puglia,Taranto,Monteparano,73018,10/06/1951,1465,1392,,,863,15,364,12,0,0,0,0,499,3
Puglia,Lecce,Monteroni di Lecce,75048,10/06/1951,5268,4858,,,4244,20,0,0,0,0,0,0,4244,20
Puglia,Lecce,Montesano Salentino,75049,25/05/1952,1014,970,,,946,15,634,12,0,0,0,0,312,3
Puglia,Lecce,Morciano di Leuca,75050,26/10/1952,1964,1722,,,1682,20,925,16,0,0,0,0,757,4
Puglia,Foggia,Motta Montecorvino,71034,25/05/1952,1581,1471,,,1192,15,0,0,0,0,0,0,1192,15
Puglia,Lecce,Muro Leccese,75051,10/06/1951,2799,2560,,,2377,20,815,4,0,0,0,0,1562,16
Puglia,Lecce,Neviano,75053,10/06/1951,3076,2673,,,2492,20,1445,16,0,0,0,0,1047,4
Puglia,Lecce,Nociglia,75054,10/06/1951,3836,3564,,,3651,20,647,5,0,0,0,0,3004,15
Puglia,Lecce,Novoli,75055,10/06/1951,5754,5220,,,4831,20,1540,4,0,0,0,0,3291,16
Puglia,Foggia,Orsara di Puglia,71035,23/05/1954,4281,3983,,,3904,20,0,0,0,0,0,0,3904,20
Puglia,Lecce,Ortelle,75056,10/06/1951,1529,1372,,,1303,15,944,12,0,0,0,0,359,3
Puglia,Lecce,Otranto,75057,10/06/1951,1905,1728,,,1670,20,0,0,0,0,0,0,1670,20
Puglia,Taranto,Palagianello,73020,10/06/1951,2602,2453,,,2314,20,0,0,0,0,0,0,2314,20
Puglia,Taranto,Palagiano,73021,25/05/1952,3699,3507,,,3420,20,2046,16,0,0,0,0,1374,4
Puglia,Lecce,Palmariggi,75058,10/06/1951,767,699,,,589,15,0,0,0,0,0,0,589,15
Puglia,Foggia,Panni,71037,25/05/1952,2607,2253,,,2165,20,1151,16,0,0,0,0,1014,4
Puglia,Lecce,Parabita,75059,10/06/1951,4734,4392,,,4032,20,1611,16,0,0,0,0,2421,4
Puglia,Lecce,Patu,75060,10/06/1951,916,868,,,823,15,0,0,0,0,0,0,823,15
Puglia,Foggia,Peschici,71038,25/05/1952,2381,2139,,,2003,20,0,0,0,0,0,0,2003,20
Puglia,Foggia,Pietramontecorvino,71039,25/05/1952,2961,2684,,,2529,20,0,0,0,0,0,0,2529,20
Puglia,Lecce,Poggiardo,75061,10/06/1951,3019,2757,,,2467,20,1002,4,0,0,0,0,1465,16
Puglia,Foggia,Poggio Imperiale,71040,25/05/1952,2101,1980,,,1914,20,669,4,0,0,0,0,1245,16
Puglia,Taranto,Pulsano,73022,10/06/1951,3359,3048,,,2879,20,0,0,0,0,0,0,2879,20
Puglia,Foggia,Rignano Garganico,71041,25/05/1952,1768,1662,,,1622,20,0,0,0,0,0,0,1622,20
Puglia,Taranto,Roccaforzata,73023,10/06/1951,805,761,,,712,15,0,0,0,0,0,0,712,15
Puglia,Foggia,Rocchetta Sant'Antonio,71042,25/05/1952,3201,2908,,,2818,20,0,0,0,0,0,0,2818,20
Puglia,Foggia,Rodi Garganico,71043,25/05/1952,3339,2949,,,2845,20,0,0,0,0,0,0,2845,20
Puglia,Foggia,Roseto Valfortore,71044,25/05/1952,3027,2566,,,2246,20,1071,16,0,0,0,0,1175,4
Puglia,Lecce,Ruffano,75064,10/06/1951,4432,3748,,,3450,20,0,0,0,0,0,0,3450,20
Puglia,Lecce,Salice Salentino,75065,10/06/1951,3869,3615,,,3374,20,782,0,0,0,0,0,2592,20
Puglia,Lecce,Salve,75066,10/06/1951,2506,2301,,,2170,20,1003,4,0,0,0,0,1167,16
Puglia,Bari,Sammichele di Bari,72039,23/05/1954,4322,4049,,,3956,20,0,0,0,0,0,0,3956,20
Puglia,Lecce,San Cesario di Lecce,75068,10/06/1951,4102,3651,,,3146,20,0,0,0,0,0,0,3146,20
Puglia,Brindisi,San Donaci,74013,10/06/1951,3137,3042,,,2993,20,1350,4,0,0,0,0,1643,16
Puglia,Lecce,San Donato di Lecce,75069,10/06/1951,2565,2399,,,2254,20,1156,16,0,0,0,0,1098,4
Puglia,Taranto,San Giorgio Ionico,73024,10/06/1951,3841,3628,,,3449,20,0,0,0,0,0,0,3449,20
Puglia,Foggia,San Marco la Catola,71048,25/05/1952,2353,1979,,,1820,20,680,4,0,0,0,0,1140,16
Puglia,Taranto,San Marzano di San Giuseppe,73025,10/06/1951,2878,2691,,,2542,20,0,0,0,0,0,0,2542,20
Puglia,Brindisi,San Michele Salentino,74014,10/06/1951,3219,2823,,,2640,20,0,0,0,0,0,0,2640,20
Puglia,Brindisi,San Pancrazio Salentino,74015,10/06/1951,4126,3946,,,3783,20,915,0,0,0,0,0,2868,20
Puglia,Foggia,San Paolo di Civitate,71050,25/05/1952,3777,3501,,,3366,20,777,4,0,0,0,0,2589,16
Puglia,Lecce,San Pietro in Lama,75071,10/06/1951,2491,2360,,,2253,20,705,4,0,0,0,0,1548,16
Puglia,Lecce,Sanarica,75067,10/06/1951,846,768,,,706,15,0,0,0,0,0,0,706,15
Puglia,Lecce,Sannicola,75070,10/06/1951,3968,3633,,,2946,20,1305,16,0,0,0,0,1641,4
Puglia,Foggia,Sant'Agata di Puglia,71052,25/05/1952,4273,3938,,,3813,20,0,0,0,0,0,0,3813,20
Puglia,Lecce,Santa Cesarea Terme,75072,10/06/1951,1518,1411,,,1301,15,952,10,0,0,0,0,349,5
Puglia,Lecce,Scorrano,75073,10/06/1951,2364,2271,,,2196,20,1344,16,0,0,0,0,852,4
Puglia,Lecce,Secli,75074,26/10/1952,826,719,,,697,15,407,12,0,0,0,0,290,3
Puglia,Foggia,Serracapriola,71053,23/05/1954,5258,4823,,,4744,20,2346,16,0,0,0,0,2398,4
Puglia,Lecce,Sogliano Cavour,75075,10/06/1951,2056,1914,,,1792,20,0,0,0,0,0,0,1792,20
Puglia,Lecce,Solato,75076,10/06/1951,2838,2636,,,2414,20,578,0,0,0,0,0,1836,20
Puglia,Lecce,Specchia,75077,10/06/1951,2534,2228,,,2114,20,1009,4,0,0,0,0,1105,16
Puglia,Lecce,Spongano,75078,10/06/1951,1972,1625,,,1396,20,802,16,0,0,0,0,594,4
Puglia,Lecce,Sternatia,75080,10/06/1951,1527,1430,,,1255,15,0,0,0,0,0,0,1255,15
Puglia,Foggia,Stornara,71054,25/05/1952,1853,1742,,,1664,20,0,0,0,0,0,0,1664,20
Puglia,Foggia,Stornarella,71055,25/05/1952,1807,1709,,,1614,20,0,0,0,0,0,0,1614,20
Puglia,Lecce,Supersano,75081,10/06/1951,2015,1948,,,1888,20,1034,16,0,0,0,0,854,4
Puglia,Lecce,Surbo,75083,10/06/1951,3433,3138,,,2627,20,616,4,0,0,0,0,2011,16
Puglia,Lecce,Taurisano,75084,10/06/1951,3531,3081,,,2775,20,865,4,0,0,0,0,1910,16
Puglia,Lecce,Taviano,75085,10/06/1951,4648,4071,,,3965,20,1796,4,0,0,0,0,2169,16
Puglia,Lecce,Tiggiano,75086,10/06/1951,879,776,,,634,15,394,12,0,0,0,0,240,3
Puglia,Brindisi,Torch iarolo,74018,10/06/1951,1921,1850,,,1802,20,0,0,0,0,0,0,1802,20
Puglia,Brindisi,Torre Santa Susanna,74019,10/06/1951,4231,4016,,,3348,20,1455,4,0,0,0,0,1893,16
Puglia,Lecce,Tuglie,75089,10/06/1951,3892,3421,,,3212,20,749,0,0,0,0,0,2463,20
Puglia,Lecce,Ugento,75090,26/10/1952,4320,3904,,,3761,20,1677,15,0,0,0,0,2084,5
Puglia,Lecce,Uggiano la Chiesa,75091,10/06/1951,2359,2131,,,1496,20,367,1,0,0,0,0,1129,19
Puglia,Lecce,Vernole,75093,10/06/1951,3458,2099,,,1613,20,1135,16,0,0,0,0,478,4
Puglia,Foggia,Vico del Gargano,71059,25/05/1952,5521,4971,,,4653,20,0,0,0,0,0,0,4653,4
Puglia,Brindisi,Villa Castelli,74020,10/06/1951,2928,2729,,,2599,20,1080,4,0,0,0,0,1519,16
Puglia,Foggia,Volturara Appula,71061,25/05/1952,1316,1100,,,867,15,318,3,0,0,0,0,549,12
Puglia,Foggia,Volturino,71062,25/05/1952,2550,2361,,,2246,20,1000,4,0,0,0,0,1246,16
Puglia,Lecce,Zollino,75094,10/06/1951,1221,1160,,,1112,15,614,12,0,0,0,0,498,3
Puglia,Lecce,Carciano,75014,25/05/1952,4387,4189,,,3761,20,0,0,0,0,0,0,3761,20
Puglia,Brindisi,Brindisi,74001,27/05/1956,33156,30272,,,29572,40,9891,15,0,0,0,0,18837,25
Puglia,Foggia,Foggia,71024,27/05/1956,56031,49548,,,47854,40,15068,13,0,0,0,0,32786,27
Puglia,Taranto,Taranto,73027,27/05/1956,100384,89535,,,87078,50,31005,19,0,0,0,0,53356,31
Puglia,Bari,Alberobello,72003,27/05/1956,5668,5290,,,5092,20,0,0,0,0,0,0,5092,20
Puglia,Foggia,Alberona,71002,27/05/1956,2088,1774,,,1647,20,931,16,0,0,0,0,716,4
Puglia,Lecce,Alessano,75002,27/05/1956,3646,3226,,,3100,20,1427,16,0,0,0,0,1673,4
Puglia,Lecce,Alezio,75003,27/05/1956,3722,3249,,,3141,20,1625,16,0,0,0,0,1516,4
Puglia,Lecce,Alliste,75004,27/05/1956,3192,2797,,,2696,20,334,4,0,0,0,0,2362,16
Puglia,Lecce,Andrano,75005,27/05/1956,2406,2218,,,2133,20,1037,5,0,0,0,0,1096,15
Puglia,Lecce,Aradeo,75006,27/05/1956,4352,3888,,,3844,20,931,4,0,0,0,0,2913,16
Puglia,Lecce,Arnesano,75007,27/05/1956,2193,2089,,,2013,20,1248,16,0,0,0,0,765,4
Puglia,Taranto,Avetrana,73001,27/05/1956,2841,2741,,,2703,20,1217,4,0,0,0,0,1486,16
Puglia,Lecce,Bagnolo Del Salento,75008,27/05/1956,1037,977,,,960,15,498,12,0,0,0,0,462,3
Puglia,Bari,Bitetto,72010,27/05/1956,3806,3610,,,3490,20,2107,16,0,0,0,0,1383,4
Puglia,Bari,Bitritto,72012,27/05/1956,2875,2668,,,2539,20,0,0,0,0,0,0,2539,20
Puglia,Lecce,Calimera,75010,27/05/1956,3604,3357,,,3155,20,1228,5,0,0,0,0,1927,5
Puglia,Lecce,Cannole,75012,27/05/1956,937,881,,,833,15,0,0,0,0,0,0,833,15
Puglia,Lecce,Caprarica Di Lecce,75013,27/05/1956,1607,1494,,,1416,15,859,12,0,0,0,0,557,3
Puglia,Bari,Capurso,72014,27/05/1956,3432,3051,,,2932,20,0,0,0,0,0,0,2932,20
Puglia,Lecce,Carmiano,75014,27/05/1956,5324,4986,,,4780,20,2034,16,0,0,0,0,2746,4
Puglia,Taranto,Carosino,73002,27/05/1956,2634,2502,,,2442,20,1068,4,0,0,0,0,1374,16
Puglia,Lecce,Carpignano Salentino,75015,27/05/1956,1888,1787,,,1726,20,721,16,0,0,0,0,1005,4
Puglia,Bari,Cassano Delle Murge,72016,27/05/1956,4488,4273,,,4173,20,0,0,0,0,0,0,4173,20
Puglia,Lecce,Castri Di Lecce,75017,27/05/1956,1450,1392,,,1339,15,0,0,0,0,0,0,1339,15
Puglia,Lecce,Castrignano De' Greci,75018,27/05/1956,1870,1490,,,1096,20,969,16,0,0,0,0,127,4
Puglia,Lecce,Castrignano Del Capo,75019,27/05/1956,3466,2930,,,2529,20,1791,15,0,0,0,0,738,5
Puglia,Lecce,Cavallino,75020,27/05/1956,2426,2309,,,2152,20,761,16,0,0,0,0,1391,4
Puglia,Bari,Cellamare,72018,27/05/1956,792,738,,,735,15,472,12,0,0,0,0,263,3
Puglia,Foggia,Chieuti,71021,27/05/1956,1488,1353,,,1302,15,0,0,0,0,0,0,1302,15
Puglia,Lecce,Collepasso,75021,27/05/1956,3418,3045,,,2950,20,1583,16,0,0,0,0,1367,4
Puglia,Lecce,Corigliano D'Otranto,75023,27/05/1956,3161,2922,,,2855,20,1306,4,0,0,0,0,1549,16
Puglia,Taranto,Crispiano,73004,27/05/1956,5069,4791,,,4428,20,0,0,0,0,0,0,4428,20
Puglia,Lecce,Cutrofiano,75026,27/05/1956,5248,4678,,,4453,20,0,0,0,0,0,0,4453,20
Puglia,Foggia,Deliceto,71022,27/05/1956,3906,3600,,,3472,20,1651,16,0,0,0,0,1821,4
Puglia,Brindisi,Erchie,74006,27/05/1956,3106,2994,,,2916,20,923,0,0,0,0,0,1993,20
Puglia,Taranto,Fragagnano,73006,27/05/1956,2900,2727,,,2620,20,1108,16,0,0,0,0,1512,4
Puglia,Lecce,Gagliano Del Capo,75028,27/05/1956,2360,1946,,,1393,20,1101,16,0,0,0,0,292,4
Puglia,Lecce,Giuggianello,75032,27/05/1956,779,664,,,638,15,401,12,0,0,0,0,237,3
Puglia,Lecce,Giurdignano,75033,27/05/1956,761,732,,,719,15,0,0,0,0,0,0,719,15
Puglia,Lecce,Guagnano,75034,27/05/1956,3828,3649,,,3508,20,1916,16,0,0,0,0,1592,4
Puglia,Foggia,Ischitella,71025,27/05/1956,3352,3108,,,3058,20,1605,16,0,0,0,0,1453,4
Puglia,Foggia,Isole Tremiti,71026,27/05/1956,213,175,,,152,15,65,3,0,0,0,0,87,12
Puglia,Taranto,Leporano,73010,27/05/1956,1031,968,,,932,15,0,0,0,0,0,0,932,15
Puglia,Lecce,Lequile,75036,27/05/1956,3179,2989,,,2863,20,0,0,0,0,0,0,2863,20
Puglia,Lecce,Leverano,75037,27/05/1956,5427,5123,,,4827,20,0,0,0,0,0,0,4827,20
Puglia,Lecce,Lizzanello,75038,27/05/1956,3693,3541,,,3423,20,1373,4,0,0,0,0,2050,16
Puglia,Lecce,Martano,75040,27/05/1956,4566,4110,,,3953,20,0,0,0,0,0,0,3953,20
Puglia,Lecce,Martignano,75041,27/05/1956,1067,1046,,,983,15,0,0,0,0,0,0,983,15
Puglia,Lecce,Matino,75042,27/05/1956,5625,4898,,,4590,20,2397,16,0,0,0,0,2193,4
Puglia,Foggia,Mattinata,71031,27/05/1956,2731,2560,,,2437,20,1211,16,0,0,0,0,1226,4
Puglia,Lecce,Melendugno,75043,27/05/1956,3582,3358,,,3200,20,1485,13,0,0,0,0,1715,7
Puglia,Lecce,Melissano,75044,27/05/1956,3028,2689,,,2593,20,1373,16,0,0,0,0,1220,4
Puglia,Lecce,Melpignano,75045,27/05/1956,1229,1091,,,1052,15,1038,15,0,0,0,0,14,0
Puglia,Lecce,Miggiano,75046,27/05/1956,1576,1512,,,1469,15,846,12,0,0,0,0,623,3
Puglia,Lecce,Minervino Di Lecce,75047,27/05/1956,2661,2324,,,2254,20,1328,13,0,0,0,0,926,7
Puglia,Taranto,Monteiasi,73016,27/05/1956,1985,1913,,,1840,20,876,4,0,0,0,0,964,16
Puglia,Foggia,Monteleone Di Puglia,71032,27/05/1956,2974,2206,,,2151,20,1147,16,0,0,0,0,1004,4
Puglia,Taranto,Montemesola,73017,30/11/1952,2018,1819,,,1743,20,933,16,0,0,0,0,1010,4
Puglia,Lecce,Monteroni Di Lecce,75048,27/05/1956,5623,5268,,,4894,20,2062,16,0,0,0,0,2832,4
Puglia,Lecce,Montesano Salentino,75049,27/05/1956,1070,1046,,,924,15,855,12,0,0,0,0,69,3
Puglia,Lecce,Morciano Di Leuca,75050,26/10/1952,1964,1722,,,1682,20,925,16,0,0,0,0,757,4
Puglia,Foggia,Motta Montecorvino,71034,27/05/1956,1517,1438,,,1225,15,0,0,0,0,0,0,1225,15
Puglia,Lecce,Muro Leccese,75051,27/05/1956,2953,2621,,,2518,20,561,0,0,0,0,0,1957,20
Puglia,Lecce,Neviano,75053,27/05/1956,3296,2898,,,2806,20,1607,16,0,0,0,0,1199,4
Puglia,Lecce,Novoli,75055,27/05/1956,5966,5399,,,5024,20,2262,16,0,0,0,0,2762,4
Puglia,Foggia,Orsara Di Puglia,71035,23/05/1954,4281,3983,,,3904,20,0,0,0,0,0,0,3904,20
Puglia,Lecce,Ortelle,75056,27/05/1956,1541,1249,,,1006,15,0,0,0,0,0,0,1006,15
Puglia,Lecce,Otranto,75057,27/05/1956,1997,1814,,,1724,20,0,0,0,0,0,0,1724,20
Puglia,Taranto,Palagianello,73020,27/05/1956,2758,2586,,,2558,20,1134,4,0,0,0,0,1424,16
Puglia,Taranto,Palagiano,73021,27/05/1956,4053,3883,,,3776,20,1796,16,0,0,0,0,1980,4
Puglia,Lecce,Palmariggi,75058,27/05/1956,801,729,,,703,15,0,0,0,0,0,0,703,15
Puglia,Lecce,Parabita,75059,27/05/1956,5040,4505,,,4175,20,2016,16,0,0,0,0,2159,4
Puglia,Foggia,Peschici,71038,27/05/1956,2297,2118,,,2057,20,0,0,0,0,0,0,2057,20
Puglia,Foggia,Pietramontecorvino,71039,27/05/1956,2752,2508,,,2360,20,0,0,0,0,0,0,2360,20
Puglia,Lecce,Poggiardo,75061,27/05/1956,3191,2749,,,2614,20,1260,16,0,0,0,0,1354,4
Puglia,Foggia,Poggio Imperiale,71040,27/05/1956,2163,2027,,,1972,20,693,4,0,0,0,0,1279,16
Puglia,Taranto,Pulsano,73022,27/05/1956,3489,3257,,,3157,20,845,0,0,0,0,0,2312,20
Puglia,Foggia,Rignano Garganico,71041,27/05/1956,1850,1757,,,1715,20,511,4,0,0,0,0,1504,16
Puglia,Taranto,Roccaforzata,73023,27/05/1956,797,762,,,730,15,299,11,0,0,0,0,431,4
Puglia,Foggia,Rocchetta Sant'Antonio,71042,27/05/1956,3110,2850,,,2771,20,1259,4,0,0,0,0,1512,16
Puglia,Foggia,Rodi Garganico,71043,27/05/1956,3289,2979,,,2900,20,0,0,0,0,0,0,2900,20
Puglia,Foggia,Roseto Valfortore,71044,27/05/1956,2866,2345,,,2211,20,1139,16,0,0,0,0,1072,4
Puglia,Lecce,Ruffano,75064,27/05/1956,4606,3847,,,3542,20,2045,16,0,0,0,0,1497,4
Puglia,Lecce,Salice Salentino,75065,27/05/1956,4068,3777,,,3618,20,1568,16,0,0,0,0,2050,4
Puglia,Lecce,Salve,75066,27/05/1956,2678,2136,,,2014,20,643,4,0,0,0,0,1371,16
Puglia,Bari,Sammichele Di Bari,72039,23/05/1954,4322,4049,,,3956,20,0,0,0,0,0,0,3956,20
Puglia,Lecce,San Cesario Di Lecce,75068,27/05/1956,4268,3948,,,3619,20,0,0,0,0,0,0,3619,20
Puglia,Brindisi,San Donaci,74013,27/05/1956,3357,3227,,,3173,20,1582,4,0,0,0,0,1591,16
Puglia,Lecce,San Donato Di Lecce,75069,27/05/1956,2696,2565,,,2478,20,721,4,0,0,0,0,1757,16
Puglia,Taranto,San Giorgio Ionico,73024,27/05/1956,4146,3872,,,3722,20,0,0,0,0,0,0,3722,20
Puglia,Foggia,San Marco La Catola,71048,27/05/1956,2236,1789,,,1728,20,992,16,0,0,0,0,736,4
Puglia,Brindisi,San Michele Salentino,74014,27/05/1956,3148,2956,,,2873,20,951,4,0,0,0,0,1922,16
Puglia,Brindisi,San Pancrazio Salentino,74015,27/05/1956,4345,4160,,,3969,20,1737,16,0,0,0,0,2232,4
Puglia,Foggia,San Paolo Di Civitate,71050,27/05/1956,3984,3714,,,3616,20,0,0,0,0,0,0,3616,20
Puglia,Lecce,San Pietro In Lama,75071,27/05/1956,2549,2384,,,2286,20,972,16,0,0,0,0,1314,4
Puglia,Lecce,Sanarica,75067,27/05/1956,863,746,,,650,15,430,12,0,0,0,0,220,3
Puglia,Bari,Sannicandro Di Bari,72040,27/05/1956,4702,4430,,,4361,20,2484,16,0,0,0,0,1877,4
Puglia,Lecce,Sannicola,75070,27/05/1956,4012,3650,,,3488,20,0,0,0,0,0,0,3488,20
Puglia,Foggia,Sant'Agata Di Puglia,71052,27/05/1956,4095,3825,,,3711,20,1442,4,0,0,0,0,2269,16
Puglia,Lecce,Santa Cesarea Terme,75072,27/05/1956,1688,1415,,,1235,15,414,3,0,0,0,0,821,12
Puglia,Lecce,Scorrano,75073,27/05/1956,2612,2364,,,2280,20,0,0,0,0,0,0,2280,20
Puglia,Foggia,Serracapriola,71053,23/05/1954,5255,4823,,,4744,20,2346,16,0,0,0,0,2398,4
Puglia,Lecce,Sogliano Cavour,75075,27/05/1956,2127,1970,,,1904,20,0,0,0,0,0,0,1904,20
Puglia,Lecce,Specchia,75077,27/05/1956,2535,2309,,,2227,20,1300,16,0,0,0,0,927,4
Puglia,Lecce,Spongano,75078,27/05/1956,1911,1690,,,1597,20,863,16,0,0,0,0,734,4
Puglia,Foggia,Stornara,71054,27/05/1956,1855,172,,,1706,20,770,4,0,0,0,0,936,16
Puglia,Foggia,Stornarella,71055,27/05/1956,1916,1831,,,1786,20,773,16,0,0,0,0,1013,4
Puglia,Lecce,Supersano,75081,27/05/1956,2218,2019,,,1877,20,514,4,0,0,0,0,1363,16
Puglia,Lecce,Surbo,75083,27/05/1956,3703,3486,,,3149,20,1450,16,0,0,0,0,1699,4
Puglia,Lecce,Taurisano,75084,27/05/1956,3853,3489,,,3370,20,1477,4,0,0,0,0,1893,16
Puglia,Lecce,Taviano,75085,27/05/1956,4772,4176,,,4023,20,1362,4,0,0,0,0,2661,16
Puglia,Lecce,Tiggiano,75086,27/05/1956,1017,783,,,680,15,680,15,0,0,0,0,0,0
Puglia,Brindisi,Torchiarolo,74018,27/05/1956,2054,1992,,,1946,20,851,16,0,0,0,0,1095,4
Puglia,Bari,Toritto,72044,27/05/1956,4616,4296,,,4233,20,2068,16,0,0,0,0,2165,4
Puglia,Brindisi,Torre Santa Susanna,74019,27/05/1956,4432,4175,,,3924,20,0,0,0,0,0,0,3924,20
Puglia,Taranto,Torricella,73028,27/05/1956,1782,1723,,,1688,20,582,4,0,0,0,0,1106,16
Puglia,Lecce,Tuglie,75089,27/05/1956,3752,3216,,,3112,20,1003,4,0,0,0,0,2109,16
Puglia,Lecce,Uggiano La Chiesa,75091,27/05/1956,2398,2171,,,1906,20,1025,16,0,0,0,0,881,4
Puglia,Bari,Valenzano,72048,27/05/1956,4366,3629,,,3591,20,1609,4,0,0,0,0,1982,16
Puglia,Foggia,Vico Del Gargano,71059,27/05/1956,5515,4974,,,4688,20,1582,4,0,0,0,0,3106,16
Puglia,Brindisi,Villa Castelli,74020,27/05/1956,3056,2923,,,2831,20,0,0,0,0,0,0,2831,20
Puglia,Foggia,Volturara Appula,71061,27/05/1956,1315,1138,,,1049,15,617,12,0,0,0,0,432,3
Puglia,Foggia,Volturino,71062,27/05/1956,2407,232,,,2265,20,1324,16,0,0,0,0,941,4
Puglia,Lecce,Zollino,75094,27/05/1956,1276,1178,,,1157,15,588,12,0,0,0,0,569,3
Puglia,Barletta-Andria-Trani,Andria,110001,27/10/1957,39374,36941,,,36363,40,16202,19,0,0,0,0,20161,21
Puglia,Bari,Gioia Del Colle,72021,27/10/1957,16598,14875,,,14494,30,4410,10,0,0,0,0,10084,20
Puglia,Bari,Putignano,72036,24/11/1957,11584,10421,,,10261,30,3189,10,0,0,0,0,7072,20
Puglia,BRINDISI,Ceglie Messafico,74003,23/11/1958,14098,12199,,,11969,30,2026,5,0,0,0,0,9943,25
Puglia,Brindisi,Cisternino,74005,23/11/1958,7413,6413,,,6305,30,3124,15,0,0,0,0,3181,15
Puglia,Taranto,Laterza,73009,09/11/1958,7105,6394,,,6289,30,3102,16,0,0,0,0,3187,14
Puglia,Foggia,Manfredonia,71029,12/10/1958,18754,15824,,,15551,40,5115,13,0,0,0,0,10436,27
Puglia,Barletta-Andria-Trani,Minervino Murge,110006,09/11/1958,11449,10390,,,10127,30,4456,14,0,0,0,0,5671,16
Puglia,Foggia,Monte Sant'Angelo,71033,12/10/1958,13060,10477,,,10164,30,5709,18,0,0,0,0,4455,12
Puglia,Taranto,Mottola,73019,09/11/1958,8079,7425,,,7288,30,2965,13,0,0,0,0,4323,17
Puglia,Brindisi,Ostuni,74012,23/11/1958,19438,17409,,,17048,40,8160,20,0,0,0,0,8888,20
Puglia,Bari,Sammichele Di Bari,72039,09/11/1958,4493,4119,,,3962,20,1,0,0,0,0,0,3962,20
Puglia,Foggia,San Marco In Lamis,71047,12/10/1958,11908,9620,,,9369,30,2522,8,0,0,0,0,6847,22
Puglia,Bari,Santeramo In Colle,72041,09/11/1958,11546,10467,,,10299,30,4922,14,0,0,0,0,5377,16
Puglia,Barletta-Andria-Trani,Trinitapoli,110010,12/10/1958,8326,7443,,,7312,30,1757,7,0,0,0,0,5555,23
Puglia,,Acquarica Del Capo,75001,06/11/1960,2372,1977,,,1877,20,919,4,0,0,0,0,958,16
Puglia,Foggia,Alberona,71002,06/11/1960,2125,1606,,,1508,20,716,16,0,0,0,0,792,4
Puglia,Lecce,Alessano,75002,06/11/1960,3870,3310,,,3148,20,1531,4,0,0,0,0,1617,16
Puglia,Lecce,Alezio,75003,06/11/1960,3837,3161,,,2868,20,1583,16,0,0,0,0,1285,4
Puglia,Lecce,Alliste,75004,06/11/1960,3514,3003,,,2738,20,1272,7,0,0,0,0,1466,13
Puglia,Lecce,Andrano,75005,06/11/1960,2559,2327,,,2164,20,968,8,0,0,0,0,1196,12
Puglia,Lecce,Arnesano,75007,06/11/1960,2237,2087,,,1954,20,1295,16,0,0,0,0,659,4
Puglia,Taranto,Avetrana,73001,06/11/1960,3244,2895,,,2762,20,778,4,0,0,0,0,1984,16
Puglia,Lecce,Bagnolo Del Salento,75008,06/11/1960,1112,969,,,945,15,634,12,0,0,0,0,311,3
Puglia,Barletta-Andria-Trani,Barletta,110002,06/11/1960,37207,34168,,,33319,,14627,18,0,0,0,0,18692,62
Puglia,Foggia,Biccari,71006,06/11/1960,3134,2841,,,2620,20,1321,16,0,0,0,0,1299,4
Puglia,Bari,Binetto,72008,06/11/1960,663,637,,,613,15,349,12,0,0,0,0,264,3
Puglia,Bari,Bitetto,72010,06/11/1960,3979,3721,,,3479,20,2460,16,0,0,0,0,1019,4
Puglia,Bari,Bitritto,72012,06/11/1960,2826,2456,,,2257,20,1166,16,0,0,0,0,1091,4
Puglia,Lecce,Botrugno,75009,06/11/1960,1554,1316,,,1220,15,491,3,0,0,0,0,729,12
Puglia,Lecce,Cannole,75012,06/11/1960,998,901,,,840,15,533,12,0,0,0,0,307,3
Puglia,Lecce,Caprarica Di Lecce,75013,06/11/1960,1644,1521,,,1463,15,762,12,0,0,0,0,701,3
Puglia,Bari,Capurso,72014,06/11/1960,3591,3317,,,3050,20,1579,16,0,0,0,0,1471,4
Puglia,Foggia,Carapelle,71010,06/11/1960,1376,1232,,,1197,15,574,9,0,0,0,0,623,0
Puglia,Foggia,Carlantino,71011,06/11/1960,1247,1105,,,1018,15,517,12,0,0,0,0,501,3
Puglia,Lecce,Carmiano,75014,06/11/1960,5644,5161,,,4817,20,2297,16,0,0,0,0,2520,4
Puglia,Taranto,Carosino,73002,06/11/1960,2800,2612,,,2493,20,0,0,0,0,0,0,2493,20
Puglia,Lecce,Carpignano Salentino,75015,06/11/1960,2008,1748,,,1718,20,1168,16,0,0,0,0,550,4
Puglia,Foggia,Carpino,71012,06/11/1960,4276,3646,,,3412,20,1443,16,0,0,0,0,1969,4
Puglia,Foggia,Casalnuovo Monterotaro,71013,06/11/1960,3225,2706,,,2549,20,1052,4,0,0,0,0,1497,16
Puglia,Foggia,Casalvecchio Di Puglia,71014,06/11/1960,1809,1442,,,1381,20,0,0,0,0,0,0,1381,20
Puglia,Bari,Cassano Delle Murge,72016,06/11/1960,4590,4323,,,4137,20,0,0,0,0,0,0,4137,20
Puglia,Foggia,Castelluccio Dei Sauri,71015,06/11/1960,1414,1236,,,1157,15,657,12,0,0,0,0,500,3
Puglia,Foggia,Castelluccio Valmaggiore,71016,06/11/1960,1919,1498,,,1453,20,655,4,0,0,0,0,798,16
Puglia,Foggia,Castelnuovo Della Daunia,71017,06/11/1960,2043,1670,,,1575,20,768,4,0,0,0,0,807,16
Puglia,Lecce,Castri Di Lecce,75017,06/11/1960,1563,1483,,,1429,15,891,12,0,0,0,0,538,3
Puglia,Lecce,Castrignano De' Greci,75018,06/11/1960,2129,1517,,,1417,20,640,4,0,0,0,0,777,16
Puglia,Lecce,Castrignano Del Capo,75019,06/11/1960,3652,2957,,,2846,20,2590,17,0,0,0,0,256,3
Puglia,Lecce,Cavallino,75020,06/11/1960,2677,2523,,,2357,20,641,4,0,0,0,0,1716,16
Puglia,Foggia,Celenza Valfortore,71018,06/11/1960,2080,1882,,,1757,20,1000,16,0,0,0,0,757,4
Puglia,Bari,Cellamare,72018,06/11/1960,834,782,,,768,15,242,3,0,0,0,0,526,12
Puglia,Foggia,Celle San Vito,71019,06/11/1960,503,307,,,286,15,286,15,0,0,0,0,0,0
Puglia,Foggia,Chieuti,71021,06/11/1960,1638,1312,,,1254,15,663,12,0,0,0,0,591,3
Puglia,Lecce,Collepasso,75021,06/11/1960,3670,3139,,,2991,20,1991,16,0,0,0,0,1000,4
Puglia,Lecce,Corigliano D'Otranto,75023,06/11/1960,3355,2860,,,2784,20,1674,16,0,0,0,0,1110,4
Puglia,Lecce,Corsano,75024,06/11/1960,2272,1851,,,1539,20,1539,20,0,0,0,0,0,0
Puglia,Taranto,Crispiano,73004,06/11/1960,5329,4862,,,4436,20,1438,4,0,0,0,0,2998,16
Puglia,Lecce,Cursi,75025,06/11/1960,1905,1576,,,1333,20,1211,16,0,0,0,0,122,0
Puglia,Lecce,Cutrofiano,75026,06/11/1960,5549,4994,,,4768,20,2459,16,0,0,0,0,2309,4
Puglia,Foggia,Deliceto,71022,06/11/1960,4032,3440,,,3216,20,1418,4,0,0,0,0,1798,16
Puglia,Taranto,Faggiano,73005,06/11/1960,1440,1368,,,1326,15,0,0,0,0,0,0,1326,15
Puglia,Taranto,Fragagnano,73006,06/11/1960,3139,2757,,,2609,20,776,4,0,0,0,0,1833,16
Puglia,Lecce,Gagliano Del Capo,75028,06/11/1960,2665,2248,,,2168,20,2168,20,0,0,0,0,0,0
Puglia,Lecce,Gallipoli,75031,06/11/1960,9298,7734,,,7412,,4064,17,0,0,0,0,3348,43
Puglia,Lecce,Giuggianello,75032,06/11/1960,791,664,,,623,15,623,15,0,0,0,0,0,0
Puglia,Lecce,Giurdignano,75033,06/11/1960,813,726,,,691,15,606,15,0,0,0,0,85,0
Puglia,Lecce,Guagnano,75034,06/11/1960,3914,3592,,,3434,20,1843,16,0,0,0,0,1591,4
Puglia,Foggia,Ischitella,71025,06/11/1960,3359,3040,,,2951,20,1361,4,0,0,0,0,1590,16
Puglia,Taranto,Leporano,73010,06/11/1960,1072,973,,,931,15,430,3,0,0,0,0,501,12
Puglia,Lecce,Lequile,75036,06/11/1960,3300,3095,,,2936,20,1073,4,0,0,0,0,1863,16
Puglia,Lecce,Leverano,75037,06/11/1960,5842,5408,,,5178,20,1789,4,0,0,0,0,3389,16
Puglia,Lecce,Lizzanello,75038,06/11/1960,4030,3869,,,3716,20,2050,16,0,0,0,0,1666,4
Puglia,Lecce,Martano,75040,06/11/1960,5068,4051,,,3960,20,1941,4,0,0,0,0,2019,16
Puglia,Lecce,Martignano,75041,06/11/1960,1082,994,,,968,15,0,0,0,0,0,0,968,15
Puglia,Lecce,Matino,75042,06/11/1960,6126,5087,,,4578,20,2371,16,0,0,0,0,2207,4
Puglia,Foggia,Mattinata,71031,06/11/1960,2991,2592,,,2514,20,1524,4,0,0,0,0,990,16
Puglia,Lecce,Melendugno,75043,06/11/1960,3879,3307,,,2967,20,1360,8,0,0,0,0,1607,12
Puglia,Lecce,Melpignano,75045,06/11/1960,1366,1007,,,970,15,519,12,0,0,0,0,451,3
Puglia,Lecce,Miggiano,75046,06/11/1960,1736,1620,,,1591,15,877,12,0,0,0,0,714,3
Puglia,Lecce,Minervino Di Lecce,75047,06/11/1960,2726,2313,,,2150,20,1680,16,0,0,0,0,470,4
Puglia,Foggia,Monteleone Di Puglia,71032,06/11/1960,2349,1869,,,1692,20,1418,16,0,0,0,0,274,4
Puglia,Taranto,Montemesola,73017,06/11/1960,2203,2068,,,1883,20,1322,16,0,0,0,0,561,4
Puglia,Taranto,Monteparano,73018,06/11/1960,1517,1407,,,1341,15,784,12,0,0,0,0,476,3
Puglia,Lecce,Monteroni Di Lecce,75048,06/11/1960,6098,5611,,,5274,20,2431,4,0,0,0,0,2843,16
Puglia,Lecce,Montesano Salentino,75049,06/11/1960,1163,1080,,,722,15,722,15,0,0,0,0,0,0
Puglia,Lecce,Muro Leccese,75051,06/11/1960,3107,2613,,,2536,20,1337,16,0,0,0,0,1199,4
Puglia,Lecce,Nardo,75052,06/11/1960,16851,14931,,,14488,,8199,18,0,0,0,0,6289,42
Puglia,Lecce,Neviano,75053,06/11/1960,3598,2901,,,2512,20,1742,16,0,0,0,0,770,4
Puglia,Lecce,Novoli,75055,06/11/1960,6210,5586,,,5130,20,2397,16,0,0,0,0,2733,4
Puglia,Lecce,Ortelle,75056,06/11/1960,1649,1480,,,1435,15,725,11,0,0,0,0,710,4
Puglia,Taranto,Palagianello,73020,06/11/1960,2998,2804,,,2708,20,1112,4,0,0,0,0,1596,16
Puglia,Taranto,Palagiano,73021,06/11/1960,4529,4335,,,4209,20,1134,0,0,0,0,0,3075,20
Puglia,Lecce,Palmariggi,75058,06/11/1960,897,748,,,545,15,524,12,0,0,0,0,21,3
Puglia,Lecce,Parabita,75059,06/11/1960,5420,4545,,,3825,20,2870,16,0,0,0,0,955,4
Puglia,Foggia,Peschici,71038,06/11/1960,2479,2145,,,2080,20,769,4,0,0,0,0,1311,16
Puglia,Foggia,Pietramontecorvino,71039,06/11/1960,2743,2338,,,2131,20,444,0,0,0,0,0,1687,20
Puglia,Lecce,Poggiardo,75061,06/11/1960,3378,2914,,,2736,20,1938,16,0,0,0,0,798,4
Puglia,Foggia,Poggio Imperiale,71040,06/11/1960,2277,1924,,,1862,20,695,4,0,0,0,0,1167,16
Puglia,Bari,Poggiorsini,72034,06/11/1960,870,755,,,698,15,454,12,0,0,0,0,244,3
Puglia,,Presicce,75062,06/11/1960,3851,3133,,,2740,20,1023,4,0,0,0,0,1717,16
Puglia,Taranto,Pulsano,73022,06/11/1960,3820,3511,,,3296,20,0,0,0,0,0,0,3296,20
Puglia,Lecce,Racale,75063,06/11/1960,4251,3745,,,3501,20,1212,4,0,0,0,0,2289,16
Puglia,Foggia,Rignano Garganico,71041,06/11/1960,1968,1689,,,1654,20,847,16,0,0,0,0,807,4
Puglia,Taranto,Roccaforzata,73023,06/11/1960,807,764,,,704,15,351,6,0,0,0,0,353,9
Puglia,Foggia,Rocchetta Sant'Antonio,71042,06/11/1960,3141,2737,,,2612,20,977,4,0,0,0,0,1635,16
Puglia,Foggia,Rodi Garganico,71043,06/11/1960,3195,2762,,,2695,20,644,4,0,0,0,0,2051,16
Puglia,Foggia,Roseto Valfortore,71044,06/11/1960,3114,2017,,,1911,20,587,4,0,0,0,0,1324,16
Puglia,Lecce,Ruffano,75064,06/11/1960,4891,4160,,,3788,20,2222,16,0,0,0,0,1566,4
Puglia,Lecce,Salice Salentino,75065,06/11/1960,4356,3891,,,3253,20,2021,16,0,0,0,0,1232,4
Puglia,Lecce,Salve,75066,06/11/1960,2984,2295,,,2151,20,1018,4,0,0,0,0,1133,16
Puglia,Lecce,San Cesario Di Lecce,75068,06/11/1960,4399,4035,,,3756,20,0,0,0,0,0,0,3756,20
Puglia,Lecce,San Donato Di Lecce,75069,06/11/1960,2879,2668,,,2588,20,1739,16,0,0,0,0,849,4
Puglia,Taranto,San Giorgio Ionico,73024,06/11/1960,4444,4112,,,3946,20,1577,4,0,0,0,0,2369,16
Puglia,Taranto,San Marzano Di San Giuseppe,73025,06/11/1960,3346,3084,,,2891,20,1801,16,0,0,0,0,1090,4
Puglia,Brindisi,San Michele Salentino,74014,06/11/1960,3473,3210,,,2985,20,0,0,0,0,0,0,2985,20
Puglia,Brindisi,San Pancrazio Salentino,74015,06/11/1960,4810,4445,,,4279,20,0,0,0,0,0,0,4279,20
Puglia,Foggia,San Paolo Di Civitate,71050,06/11/1960,4183,3400,,,3303,20,1465,6,0,0,0,0,1838,14
Puglia,Lecce,San Pietro In Lama,75071,06/11/1960,2687,2495,,,2404,20,1048,5,0,0,0,0,1356,15
Puglia,Lecce,Sanarica,75067,06/11/1960,924,795,,,486,15,486,15,0,0,0,0,0,0
Puglia,Bari,Sannicandro Di Bari,72040,06/11/1960,4782,4239,,,4151,20,2301,16,0,0,0,0,1850,4
Puglia,Lecce,Sannicola,75070,06/11/1960,4316,3710,,,3490,20,2000,16,0,0,0,0,1490,4
Puglia,Lecce,Santa Cesarea Terme,75072,06/11/1960,1773,1574,,,1913,15,1399,14,0,0,0,0,514,1
Puglia,Lecce,Scorrano,75073,06/11/1960,2869,2486,,,2382,20,1475,16,0,0,0,0,907,4
Puglia,Lecce,Sogliano Cavour,75075,06/11/1960,2298,2050,,,1954,20,1059,16,0,0,0,0,895,4
Puglia,Lecce,Soleto,75076,06/11/1960,3063,2827,,,2765,20,1303,4,0,0,0,0,1462,16
Puglia,Lecce,Specchia,75077,06/11/1960,2677,2426,,,2355,20,1376,16,0,0,0,0,979,4
Puglia,Barletta-Andria-Trani,Spinazzola,110008,06/11/1960,6900,6238,,,6039,,2391,12,0,0,0,0,3648,48
Puglia,Lecce,Spongano,75078,06/11/1960,2144,1848,,,1579,20,629,4,0,0,0,0,950,16
Puglia,Foggia,Stornarella,71055,06/11/1960,2154,1985,,,1916,20,0,0,0,0,0,0,1393,20
Puglia,Lecce,Supersano,75081,06/11/1960,2379,2044,,,1785,20,578,4,0,0,0,0,1207,16
Puglia,Lecce,Surano,75082,06/11/1960,1026,854,,,782,15,352,12,0,0,0,0,430,3
Puglia,Lecce,Surbo,75083,06/11/1960,4000,3769,,,3546,20,1444,4,0,0,0,0,2102,16
Puglia,Lecce,Taurisano,75084,06/11/1960,4433,3779,,,3659,20,1465,4,0,0,0,0,2194,16
Puglia,Lecce,Taviano,75085,06/11/1960,5324,4529,,,4289,20,1999,4,0,0,0,0,2290,16
Puglia,Lecce,Tiggiano,75086,06/11/1960,1136,964,,,932,15,932,15,0,0,0,0,0,0
Puglia,Brindisi,Torchiarolo,74018,06/11/1960,2265,2154,,,2070,20,884,4,0,0,0,0,1186,16
Puglia,Bari,Toritto,72044,06/11/1960,4636,4284,,,4146,20,2173,16,0,0,0,0,1973,4
Puglia,Brindisi,Torre Santa Susanna,74019,06/11/1960,4670,4360,,,4097,20,1645,4,0,0,0,0,2452,16
Puglia,Taranto,Torricella,73028,06/11/1960,1927,1855,,,1752,20,630,4,0,0,0,0,1122,16
Puglia,Barletta-Andria-Trani,Trani,110009,06/11/1960,21418,19559,,,18921,,6595,14,0,0,0,0,12326,66
Puglia,Lecce,Tuglie,75089,06/11/1960,3819,3157,,,2999,20,951,4,0,0,0,0,2048,16
Puglia,Lecce,Ugento,75090,06/11/1960,5032,4233,,,4034,20,2922,16,0,0,0,0,1112,4
Puglia,Lecce,Uggiano La Chiesa,75091,06/11/1960,2581,2220,,,2064,20,1047,16,0,0,0,0,1017,4
Puglia,Lecce,Veglie,75092,06/11/1960,5880,5518,,,5268,20,0,0,0,0,0,0,5268,20
Puglia,Foggia,Vico Del Gargano,71059,06/11/1960,5806,4845,,,4409,20,1145,4,0,0,0,0,3264,16
Puglia,Brindisi,Villa Castelli,74020,06/11/1960,3534,3313,,,3179,20,1848,16,0,0,0,0,1331,4
Puglia,Foggia,Volturara Appula,71061,06/11/1960,1260,1022,,,956,15,521,12,0,0,0,0,435,3
Puglia,Foggia,Volturino,71062,06/11/1960,2416,2110,,,2015,20,1046,16,0,0,0,0,969,4
Puglia,Lecce,Zollino,75094,06/11/1960,1344,1117,,,1095,15,682,12,0,0,0,0,413,3
Puglia,Brindisi,Torchiarolo,74018,17/11/1968,2536,2308,88,,2155,20,0,0,0,0,0,0,2155,20
Puglia,Foggia,Celenza Valfortore,71018,17/11/1968,2063,1826,25,,1759,20,765,16,0,0,240,0,754,4
Puglia,Lecce,Corsano,75024,17/11/1968,2601,2114,9,,2088,20,1004,4,0,0,18,0,1066,16
Puglia,Bari,Casamassima,72015,17/11/1968,6958,6197,30,,6060,30,2883,15,0,0,2104,11,1073,4
Puglia,Bari,Sannicandro di Bari,72040,17/11/1968,5018,3929,20,,3824,20,2514,14,0,0,355,2,955,4
Puglia,Brindisi,San Michele Salentino,74014,17/11/1968,3712,3117,20,,3039,20,1468,10,0,0,1131,8,440,2
Puglia,Brindisi,Villa Castelli,74020,17/11/1968,3828,3405,20,,3285,20,1520,10,0,0,481,3,1284,7
Puglia,Foggia,Cagnano Varano,71008,17/11/1968,5042,3808,20,,3720,20,1771,10,0,0,1511,9,438,1
Puglia,Foggia,Ischitella,71025,17/11/1968,3080,2761,20,,2736,20,1205,9,0,0,1118,9,413,2
Puglia,Barletta-Andria-Trani,Margherita di Savoia,110005,17/11/1968,7719,6844,30,,6711,30,2988,14,0,0,356,1,3367,15
Puglia,Foggia,San Marco in Lamis,71047,17/11/1968,11150,8533,30,,8346,30,4042,16,0,0,2636,10,1668,4
Puglia,Foggia,Sannicandro Garganico,71049,17/11/1968,12058,8752,30,,8390,30,2918,11,0,0,3935,15,1537,4
Puglia,Foggia,San Paolo di Civitate,71050,17/11/1968,4152,3334,20,,3290,20,1481,10,0,0,1180,7,629,3
Puglia,Lecce,Alliste,75004,17/11/1968,3968,3195,20,,3114,20,1380,9,0,0,723,5,1011,6
Puglia,Lecce,Squinzano,75079,17/11/1968,9194,8257,30,,8129,30,4060,16,0,0,1583,6,2486,8
Puglia,Taranto,Ginosa,73007,17/11/1968,11171,9669,30,,9400,30,3689,12,0,0,2297,8,3414,10
Puglia,Taranto,Grottaglie,73008,17/11/1968,14272,12854,30,,12525,30,4693,12,0,0,5020,12,2812,6
Puglia,Foggia,MONTE SANT'ANGELO,71033,11/11/1962,12608,9075,238,98,8863,30,3842,13,1748,6,2776,10,497,1
Puglia,Foggia,SAN GIOVANNI ROTONDO,71046,11/11/1962,10853,8736,294,80,8509,30,0,0,763,2,2965,11,4781,17
Puglia,Foggia,SAN MARCO IN LAMIS,71047,11/11/1962,12625,8838,181,50,8697,30,3555,13,780,3,2807,10,1555,4
Puglia,Barletta-Andria-Trani,TRINITAPOLI,110010,11/11/1962,7935,7150,94,40,7063,30,3026,14,746,3,2278,10,1013,3
Puglia,Lecce,CASABANO,75016,10/06/1962,9351,7496,292,52,7298,30,4572,20,132,0,445,2,2149,8
Puglia,Lecce,GALATINA,75029,10/06/1962,15690,13223,406,76,12944,30,3668,9,218,0,1844,5,7214,16
Puglia,Lecce,MAGLIE,75039,17/11/1963,8470,7223,188,52,7077,30,2517,11,1539,6,1100,5,1921,8
Puglia,Lecce,TREPUZZI,75087,10/06/1962,6690,6053,112,38,5959,30,1964,11,782,4,1594,8,1619,7
Puglia,Taranto,CASTELLANETA,73003,17/11/1963,8082,7318,178,93,7136,30,3630,16,360,1,2505,11,641,2
Puglia,Taranto,MOTTOLA,73019,10/06/1962,8394,7374,168,69,7231,30,3194,14,1753,7,1638,7,646,2
Puglia,Taranto,SAVA,73026,10/06/1962,9426,7774,118,39,7675,30,2157,9,323,1,1507,6,3688,14
Puglia,Bari,ADELFIA,72002,10/06/1962,6413,5470,50,15,5436,30,3474,20,993,5,600,3,369,2
Puglia,BARI,BARI,72006,10/06/1962,178,156,5544,1034,151531,60,59722,25,25300,10,25499,10,41010,15
Puglia,Bari,BITONTO,72011,10/06/1962,20780,19299,336,122,19004,40,8307,18,3556,8,5440,12,1701,2
Puglia,Barletta-Andria-Trani,CANOSA DI PUGLIA,110004,10/06/1962,19369,17158,311,78,16924,40,7715,20,1124,2,6266,16,1819,2
Puglia,Bari,CORATO,72020,11/11/1962,24705,21233,626,107,20811,40,6324,13,1812,3,6874,14,5801,10
Puglia,Bari,GIOIA DEL COLLE,72021,10/11/1963,17,14671,528,123,14284,30,6713,15,1920,4,2884,6,2767,5
Puglia,Barletta-Andria-Trani,MINERVINO MURGE,110006,11/11/1962,10515,9090,275,63,8888,30,3591,13,946,3,3203,11,1148,3
Puglia,Bari,MOLFETTA,72029,10/06/1962,36436,29096,608,107,28711,40,12846,19,4170,6,6585,9,5110,6
Puglia,Bari,TERLIZZI,72043,10/11/1963,12004,39,261,94,10613,30,4059,12,650,1,2835,8,3069,9
Puglia,Bari,TURI,72047,10/11/1963,6470,5762,110,24,5676,30,2606,14,378,2,355,2,2337,12
Puglia,Brindisi,CEGLIE MESSAPICO,74003,02/12/1962,13995,11411,314,71,11038,30,6021,18,784,2,2651,7,1582,3
Puglia,Brindisi,CISTERNINO,74005,17/11/1963,7545,6218,185,37,6088,30,1864,9,780,4,397,2,3041,15
Puglia,Brindisi,OSTUNI,74012,02/12/1962,19949,17551,494,89,17215,40,8245,21,2612,6,1077,2,5281,11
Puglia,Foggia,LUCERA,71028,17/11/1963,15557,13851,319,118,13569,30,4405,10,516,1,6276,15,2373,4
Puglia,Foggia,MANFREDONIA,71029,10/06/1962,21242,17319,460,173,16917,40,6842,18,1360,3,6362,16,2353,3
